{
  "rgbToLms": [
    0.31399022, 0.63951294, 0.04649755, 0.0,
    0.15537241, 0.75789446, 0.08670142, 0.0,
    0.01775239, 0.10944209, 0.87256922, 0.0,
    0.0, 0.0, 0.0, 1.0
  ],
  "lmsToRgb": [
    5.47221206, -4.6419601, 0.16963708, 0.0,
    -1.1252419, 2.29317094, -0.1678952, 0.0,
    0.02980165, -0.19318073, 1.16364789, 0.0,
    0.0, 0.0, 0.0, 1.0
  ],
  "lmsToLmsd": [
    1.0, 0.0, 0.0, 0.0,
    0.9513092, 0.0, 0.04866992, 0.0,
    0.0, 0.0, 1.0, 0.0,
    0.0, 0.0, 0.0, 1.0
  ],
  "lmsToLmsp": [
    0.0, 1.05118294, -0.05116099, 0.0,
    0.0, 1.0, 0.0, 0.0,
    0.0, 0.0, 1.0, 0.0,
    0.0, 0.0, 0.0, 1.0
  ],
  "lmsToLmst": [
    1.0, 0.0, 0.0, 0.0,
    0.0, 1.0, 0.0, 0.0,
    -0.86744736, 1.86727089, 0.0, 0.0,
    0.0, 0.0, 0.0, 1.0
  ],
  "rgbdErr": [
    1.0, "", 0.0, 0.0,
    0.0, 0.0, 0.0, 0.0,
    0.0, "", 1.0, 0.0,
    0.0, 0.0, 0.0, 1.0
  ],
  "rgbpErr": [
    0.0, 0.0, 0.0, 0.0,
    "", 1.0, 0.0, 0.0,
    "", 0.0, 1.0, 0.0,
    0.0, 0.0, 0.0, 1.0
  ],
  "rgbtErr": [
    1.0, 0.0, "", 0.0,
    0.0, 1.0, "", 0.0,
    0.0, 0.0, 0.0, 0.0,
    0.0, 0.0, 0.0, 1.0
  ]
}
