{
  "RGB_TO_LMS": [
    17.8824,    43.5161,  4.11935,  0.0,
    3.45565,    27.1554,  3.86714,  0.0,
    0.0299566,  0.184309, 1.46709,  0.0,
    0.0,        0.0,      0.0,      1.0
  ],
  "LMS_TO_RGB": [
    0.0809444,  -0.1305044,  0.116721,   0.0,
    -0.0102485,  0.0540193, -0.1136147,  0.0,
    -0.0003652, -0.0041216,  0.6935114,  0.0,
    0.0,         0.0,        0.0,        1.0
  ],
  "LMS_TO_LMSD": [
    1.0,      0.0, 0.0,     0.0,
    0.494207, 0.0, 1.24827, 0.0,
    0.0,      0.0, 1.0,     0.0,
    0.0,      0.0, 0.0,     1.0
  ],
  "LMS_TO_LMSP": [
    0.0, 2.02344, -2.52581, 0.0,
    0.0, 1.0,      0.0,     0.0,
    0.0, 0.0,      1.0,     0.0,
    0.0, 0.0,      0.0,     1.0
  ],
  "LMS_TO_LMST": [
     1.0,       0.0,      0.0, 0.0,
     0.0,       1.0,      0.0, 0.0,
    -0.395913,  0.801109, 0.0, 0.0,
     0.0,       0.0,      0.0, 1.0
  ],
  "LMSD_ERR": [
    "",   "",   0.0,  0.0,
    0.0,  0.0,  0.0,  0.0,
    0.0,  "",   "",   0.0,
    0.0,  0.0,  0.0,  ""
  ],
  "LMSP_ERR": [
    0.0,  0.0,  0.0,  0.0,
    "",   "",   0.0,  0.0,
    "",   0.0,  "",   0.0,
    0.0,  0.0,  0.0,  ""
  ],
  "LMST_ERR": [
    "",   0.0,  "",   0.0,
    0.0,  "",   "",   0.0,
    0.0,  0.0,  0.0,  0.0,
    0.0,  0.0,  0.0,  ""
  ]
}
