{
  "rgbToXyz": [
    0.41239080, 0.35758434, 0.18048079, 0.0,
    0.21263901, 0.71516868, 0.07219232, 0.0,
    0.01933082, 0.11919478, 0.95053215, 0.0,
    0.00000000, 0.00000000, 0.00000000, 1.0
  ],
  "xyzToLms": [
     0.7328, 0.4296, -0.1624, 0.0,
    -0.7036, 1.6975,  0.0061, 0.0,
     0.0030, 0.0136,  0.9834, 0.0,
     0.0000, 0.0000,  0.0000, 1.0
  ],
  "rgbToLms": [
    0.390410371768, 0.549917037008, 0.008903722424, 0.0,
    0.070914470597, 0.963129580834, 0.001358425471, 0.0,
    0.023138991324, 0.128015193720, 0.936276574232, 0.0,
    0.000000000000, 0.000000000000, 0.000000000000, 1.0
  ],
  "lmsToRgb": [
     2.858765476844, -1.628966860818, -0.024822605676, 0.0,
    -0.210429576918,  1.158388040552,  0.000320442411, 0.0,
    -0.041879469797, -0.118126013614,  1.068630120731, 0.0,
     0.000000000000,  0.000000000000,  0.000000000000, 1.0
  ],
  "lmsToLmsp": [
    0.00000000, 0.90817131, 0.00819207, 0.0,
    0.00000000, 1.00000000, 0.00000000, 0.0,
    0.00000000, 0.00000000, 1.00000000, 0.0,
    0.00000000, 0.00000000, 0.00000000, 1.0
  ],
  "lmsToLmsd": [
    1.00000000, 0.00000000,  0.00000000, 0.0,
    1.10111384, 0.00000000, -0.00902040, 0.0,
    0.00000000, 0.00000000,  1.00000000, 0.0,
    0.00000000, 0.00000000,  0.00000000, 1.0
  ],
  "lmsToLmst": [
     1.00000000, 0.00000000, 0.00000000, 0.0,
     0.00000000, 1.00000000, 0.00000000, 0.0,
    -0.15777270, 1.19489141, 0.00000000, 0.0,
     0.00000000, 0.00000000, 0.00000000, 1.0
  ],
  "rgbpErr": [
    0.0, 0.0, 0.0, 0.0,
     "", 1.0, 0.0, 0.0,
     "", 0.0, 1.0, 0.0,
    0.0, 0.0, 0.0, 1.0
  ],
  "rgbdErr": [
    1.0,  "", 0.0, 0.0,
    0.0, 0.0, 0.0, 0.0,
    0.0,  "", 1.0, 0.0,
    0.0, 0.0, 0.0, 1.0
  ],
  "rgbtErr": [
    1.0, 0.0,  "", 0.0,
    0.0, 1.0,  "", 0.0,
    0.0, 0.0, 0.0, 0.0,
    0.0, 0.0, 0.0, 1.0
  ]
}
